文本,申请 注册号,国际分类,所属品牌,商标名称
,21525984,3,KONO,KONO
,45388360A,3,KONO,K KONO
,67052799,3,KONO,KONO 小K瓶
,57854042,3,KONO,卡厘
,85681141,3,KONO,K
,85681127,3,KONO,K KONO
,45378574,3,KONO,K KONO
,85854962,3,赫系,赫系HEXI
,42520321,3,赫系,Hexi赫系
,72865843,3,赫系,赫系
,15229667,3,IRY,IRY
,30535317,3,IRY,IRY UNIQUE FORMULA
,30428348,3,IRY,IRY UNIQUE FORMULA
,40602423,3,IRY,＋IRY UNIQUE FORMULA
,48196838,3,IRY,IRY
,40602423,3,IRY," +IRY UNIQUE FORMULA"
,48197216,3,IRY,IRY
,48203751,3,IRY,IRY
,49990716,3,可麦,可麦
,43775180,3,墨雪,墨雪 MOSAIY
,72410120,3,墨雪,墨雪
,72410346,3,墨雪,mosaly
,23975547,3,魔渍,魔渍 MOLSOILED
,53350075,3,魔渍,魔渍 MOLSOILED
,76199698,3,魔渍,魔渍 MOLSOILED
,32113989,3,森益,森益
,75841137,3,森益,森益
,42169545,3,墨雪,MOSALY
,41575736,3,墨雪,MOSALY
,20108704,3,MVE,MVE
,15229985,21,WIS,+WIS+
,47439516A,21,WIS,WIS 实验室
,47443573A,21,WIS," +WIS+ 实验室"
,79203085,21,KONO,卡厘
,74213174,21,赫系,赫系
,37693080,21,IRY,IRY
,40590787,21,IRY,＋IRY UNIQUE FORMULA
,82391259,21,可麦,可麦
,72405748,21,墨雪,mosaly
,40655056,21,魔渍,魔渍 MOLSOILED
,76195127,21,魔渍,魔渍 MOLSOILED
,74847979A,21,森益,森益
,37680264,21,MVE,MVE
,15230202,44,WIS,+WIS+
,80437794,44,KONO,卡厘
,37833781,44,IRY,IRY
,40602578,44,IRY,＋IRY UNIQUE FORMULA
,40602578,44,IRY," +IRY UNIQUE FORMULA"
,82979145,44,可麦,可麦
,40663332,44,魔渍,魔渍 MOLSOILED
,15230040,29,WIS,+WIS+
,37699684,29,IRY,IRY
,40590812,29,IRY,＋IRY UNIQUE FORMULA
,40590812,29,IRY," +IRY UNIQUE FORMULA"
,82397053,29,可麦,可麦
,40653450,29,魔渍,魔渍 MOLSOILED
,37699675,29,MVE,MVE
,15230099,32,WIS,+WIS+
,79988899,32,KONO,卡厘
,37807940,32,IRY,IRY
,40608444,32,IRY,＋IRY UNIQUE FORMULA
,40608444,32,IRY," +IRY UNIQUE FORMULA"
,82988172,32,可麦,可麦
,40668558,32,魔渍,魔渍 MOLSOILED
,37832451,32,MVE,MVE
,79781242,14,KONO,卡厘
,37442609,14,IRY,IRY
,40590667,14,IRY,＋IRY UNIQUE FORMULA
,40590667,14,IRY," +IRY UNIQUE FORMULA"
,81945825,14,可麦,可麦
,40663971,14,魔渍,魔渍 MOLSOILED
,37452549,14,MVE,MVE
,21031182,9,WIS,+WIS+
,37964529,9,WIS,WISWEN
,37960870,9,WIS," +WIS+ PROFESSIONAL"
,51503390,9,KONO,KONO
,79688018,9,KONO,卡厘
,40601270,9,IRY," +IRY UNIQUE FORMULA"
,82411541,9,可麦,可麦
,40661933,9,魔渍,魔渍 MOLSOILED
,37964737,35,WIS,WISWEN
,80429705,35,KONO,卡厘
,74223497,35,赫系,赫系
,37828814,35,IRY,IRY
,40604873,35,IRY,＋IRY UNIQUE FORMULA
,41232526,35,IRY," +IRY UNIQUE FORMULA"
,41245163,35,IRY,IRY
,40677402,35,魔渍,魔渍 MOLSOILED
,15229881,10,WIS,+WIS+
,41209685,10,WIS,WIS
,41218869,10,WIS," +WIS+ PROFESSIONAL"
,43592580,10,WIS," +WIS+ PROFESSIONAL"
,41210067,10,WIS,+WIS+
,47439516A,10,WIS,WIS 实验室
,51501122,10,KONO,KONO
,45378574,10,KONO,K KONO
,79195015,10,KONO,卡厘
,40609096,10,IRY,＋IRY UNIQUE FORMULA
,41234222,10,IRY," +IRY UNIQUE FORMULA"
,41247382,10,IRY,IRY
,40609096,10,IRY," +IRY UNIQUE FORMULA"
,77556254,10,IRY,IRY
,82393265,10,可麦,可麦
,40678514,10,魔渍,魔渍 MOLSOILED
,37435269,10,MVE,MVE
,79994879,33,KONO,卡厘
,37819993,33,IRY,IRY
,40595491,33,IRY,＋IRY UNIQUE FORMULA
,40595491,33,IRY," +IRY UNIQUE FORMULA"
,82970015,33,可麦,可麦
,40671343,33,魔渍,魔渍 MOLSOILED
,37807971,33,MVE,MVE
,83549873,5,WIS,+WIS+
,37951645,5,WIS,WISWEN
,37957986,5,WIS," +WIS+ PROFESSIONAL"
,41209641,5,WIS,WIS
,41213166,5,WIS," +WIS+ PROFESSIONAL"
,43602049,5,WIS," +WIS+ PROFESSIONAL"
,41209614,5,WIS,+WIS+
,47439516A,5,WIS,WIS 实验室
,47443573A,5,WIS," +WIS+ 实验室"
,51498086,5,KONO,KONO
,45378574,5,KONO,K KONO
,45388360A,5,KONO,K KONO
,79201766,5,KONO,卡厘
,76867052,5,赫系,赫系
,37442424,5,IRY,IRY
,40608232,5,IRY,＋IRY UNIQUE FORMULA
,41239023,5,IRY,IRY
,41212549,5,IRY," +IRY UNIQUE FORMULA"
,40608232,5,IRY," +IRY UNIQUE FORMULA"
,62638490,5,IRY,IRY
,82408835,5,可麦,可麦
,72405700,5,墨雪,mosaly
,72421609,5,墨雪,墨雪
,40673568,5,魔渍,魔渍 MOLSOILED
,44922826,5,魔渍,魔渍 MOLSOILED
,37445791,5,MVE,MVE
,51515015,8,KONO,KONO
,79519676,8,KONO,卡厘
,37460426,8,IRY,IRY
,40613799,8,IRY,＋IRY UNIQUE FORMULA
,40613799,8,IRY," +IRY UNIQUE FORMULA"
,82989266,8,可麦,可麦
,40653496,8,魔渍,魔渍 MOLSOILED
,37454404,8,MVE,MVE
,37445855,15,KONO,KONO
,79781995,15,KONO,卡厘
,40671115,15,魔渍,魔渍 MOLSOILED
,37460117,15,MVE,MVE
,21614829,6,WIS,＋WIS＋
,79445596,6,KONO,卡厘
,37452461,6,IRY,IRY
,40594653,6,IRY," +IRY UNIQUE FORMULA"
,82396913,6,可麦,可麦
,40665404,6,魔渍,魔渍 MOLSOILED
,21615489,2,WIS,+WIS+
,37436525,2,KONO,KONO
,79453698,2,KONO,卡厘
,37436512,2,IRY,IRY
,40598802,2,IRY,＋IRY UNIQUE FORMULA
,40598802,2,IRY," +IRY UNIQUE FORMULA"
,47851109,2,IRY,IRY
,81873815,2,可麦,可麦
,40659250,2,魔渍,魔渍 MOLSOILED
,37442293,2,MVE,MVE
,21614244,11,WIS,＋WIS＋
,79697651,11,KONO,卡厘
,40606699,11,IRY,＋IRY UNIQUE FORMULA
,40606699,11,IRY," +IRY UNIQUE FORMULA"
,82402502,11,可麦,可麦
,40654939,11,魔渍,魔渍 MOLSOILED
,37830961,38,KONO,KONO
,80439962,38,KONO,卡厘
,37809716,38,IRY,IRY
,40593640,38,IRY,＋IRY UNIQUE FORMULA
,40593640,38,IRY," +IRY UNIQUE FORMULA"
,72428367,38,墨雪,mosaly
,72411345,38,墨雪,墨雪
,40662487,38,魔渍,魔渍 MOLSOILED
,37805014,38,MVE,MVE
,21614807,7,WIS,＋WIS＋
,51517554,7,KONO,KONO
,79518893,7,KONO,卡厘
,37684177,7,IRY,IRY
,40592234,7,IRY,＋IRY UNIQUE FORMULA
,40592234,7,IRY," +IRY UNIQUE FORMULA"
,82970812,7,可麦,可麦
,40668790,7,魔渍,魔渍 MOLSOILED
,21613938,13,WIS,＋WIS＋
,37446226,13,KONO,KONO
,79780894,13,KONO,卡厘
,37455444,13,IRY,IRY
,40593470,13,IRY," +IRY UNIQUE FORMULA"
,81900057,13,可麦,可麦
,72427099,13,墨雪,墨雪
,72416568,13,墨雪,mosaly
,40654964,13,魔渍,魔渍 MOLSOILED
,37449104,13,MVE,MVE
,21615391,4,WIS,+WIS+
,51518709,4,KONO,KONO
,79453736,4,KONO,卡厘
,40608222,4,IRY,＋IRY UNIQUE FORMULA
,40608222,4,IRY," +IRY UNIQUE FORMULA"
,37446108,4,IRY,IRY
,81890090,4,可麦,可麦
,40668743,4,魔渍,魔渍 MOLSOILED
,37452268,4,MVE,MVE
,21615571,1,WIS,+WIS+
,37948190,1,WIS," +WIS+ PROFESSIONAL"
,37950258,1,WIS,WISWEN
,51465847,1,KONO,K KONO
,51507850,1,KONO,KONO
,79188862,1,KONO,卡厘
,74219120,1,赫系,赫系
,37451890,1,IRY,IRY
,40601982,1,IRY,＋IRY UNIQUE FORMULA
,40601982,1,IRY," +IRY UNIQUE FORMULA"
,82977591,1,可麦,可麦
,40662434,1,魔渍,魔渍 MOLSOILED
,75839052,1,森益,森益
,37447639,1,MVE,MVE
,51576414,39,KONO,KONO
,52112889,39,KONO,K KONO 
,80436572,39,KONO,卡厘
,37834109,39,IRY,IRY
,40600545,39,IRY,＋IRY UNIQUE FORMULA
,40600545,39,IRY," +IRY UNIQUE FORMULA"
,82970041,39,可麦,可麦
,40673384,39,魔渍,魔渍 MOLSOILED
,37822795,39,MVE,MVE
,37704147,23,KONO,KONO
,79864984,23,KONO,卡厘
,37705199,23,IRY,IRY
,40593983,23,IRY,＋IRY UNIQUE FORMULA
,40593983,23,IRY," +IRY UNIQUE FORMULA"
,81981608,23,可麦,可麦
,40665593,23,魔渍,魔渍 MOLSOILED
,51506229,20,KONO,KONO
,79819013,20,KONO,卡厘
,37683971,20,IRY,IRY
,40602924,20,IRY," +IRY UNIQUE FORMULA"
,40602924,20,IRY," +IRY UNIQUE FORMULA"
,82402620,20,可麦,可麦
,40651858,20,魔渍,魔渍 MOLSOILED
,21607374,16,WIS,+WIS+
,37959655,16,WIS," +WIS+ PROFESSIONAL"
,37961345,16,WIS,WISWEN
,51514721,16,KONO,KONO
,79236815,16,KONO,卡厘
,74219389,16,赫系,赫系
,37441760,16,IRY,IRY
,40596780,16,IRY," +IRY UNIQUE FORMULA"
,82388975,16,可麦,可麦
,40658641,16,魔渍,魔渍 MOLSOILED
,75493438,16,森益,森益
,37436973,16,MVE,MVE
,21606950,17,WIS,+WIS+
,37450337,17,KONO,KONO
,79779685,17,KONO,卡厘
,37452631,17,IRY,IRY
,40617162,17,IRY," +IRY UNIQUE FORMULA"
,40617162,17,IRY," +IRY UNIQUE FORMULA"
,81936078,17,可麦,可麦
,72410445,17,墨雪,mosaly
,72419259,17,墨雪,墨雪
,40675263,17,魔渍,魔渍 MOLSOILED
,40675263,17,魔渍,魔渍 MOLSOILED
,40675263,17,魔渍,魔渍 MOLSOILED
,37441736,17,MVE,MVE
,21515466,34,WIS,＋WIS＋
,37801135,34,KONO,KONO
,80004915,34,KONO,卡厘
,37796272,34,IRY,IRY
,40600125,34,IRY,＋IRY UNIQUE FORMULA
,40600125,34,IRY," +IRY UNIQUE FORMULA"
,82253102,34,可麦,可麦
,40657889,34,魔渍,魔渍 MOLSOILED
,37796275,34,MVE,MVE
,21515369,36,WIS,＋WIS＋
,51524179,36,KONO,K KONO
,51594243,36,KONO,KONO
,80436107,36,KONO,卡厘
,37810329,36,IRY,IRY
,40592754,36,IRY,＋IRY UNIQUE FORMULA
,40592754,36,IRY," +IRY UNIQUE FORMULA"
,82988951,36,可麦,可麦
,40655133,36,魔渍,魔渍 MOLSOILED
,37806891,36,MVE,MVE
,21518280,19,WIS,+WIS+
,51497382,19,KONO,KONO
,79819216,19,KONO,卡厘
,37702720,19,IRY,IRY
,40592935,19,IRY,＋IRY UNIQUE FORMULA
,40592935,19,IRY," +IRY UNIQUE FORMULA"
,82980498,19,可麦,可麦
,40668697,19,魔渍,魔渍 MOLSOILED
,37682885,19,MVE,MVE
,21514911,40,WIS,+WIS+
,37808481,40,KONO,KONO
,80426972,40,KONO,卡厘
,37827330,40,IRY,IRY
,40592033,40,IRY,＋IRY UNIQUE FORMULA
,47844282,40,IRY," +IRY"
,40592033,40,IRY," +IRY UNIQUE FORMULA"
,47844282,40,IRY,IRY
,82974727,40,可麦,可麦
,72428387,40,墨雪,mosaly
,72424347,40,墨雪,墨雪
,40659410,40,魔渍,魔渍 MOLSOILED
,37808486,40,MVE,MVE
,51501176,12,KONO,KONO
,79692255,12,KONO,卡厘
,37687223,12,IRY,IRY
,40603888,12,IRY," +IRY UNIQUE FORMULA"
,82402513,12,可麦,可麦
,40654954,12,魔渍,魔渍 MOLSOILED
,21515478,37,WIS,＋WIS＋
,37822401,37,KONO,KONO
,80441052,37,KONO,卡厘
,37818508,37,IRY,IRY
,40604915,37,IRY,＋IRY UNIQUE FORMULA
,83317861,37,可麦,可麦
,40655142,37,魔渍,魔渍 MOLSOILED
,37818476,37,MVE,MVE
,21516249,22,WIS,+WIS+
,37685690,22,KONO,KONO
,79812707,22,KONO,卡厘
,37703778,22,IRY,IRY
,40605864,22,IRY,＋IRY UNIQUE FORMULA
,47846307,22,IRY," +IRY"
,40605864,22,IRY," +IRY UNIQUE FORMULA"
,47846307,22,IRY,IRY
,82002305,22,可麦,可麦
,72422277,22,墨雪,mosaly
,72422884,22,墨雪,墨雪
,40665588,22,魔渍,魔渍 MOLSOILED
,37696790,22,MVE,MVE
,21515848,27,WIS,＋WIS＋
,37686447,27,KONO,KONO
,79918835,27,KONO,卡厘
,37696064,27,IRY,IRY
,40603738,27,IRY,＋IRY UNIQUE FORMULA
,40603738,27,IRY," +IRY UNIQUE FORMULA"
,82408613,27,可麦,可麦
,40656726,27,魔渍,魔渍 MOLSOILED
,37702904,27,MVE,MVE
,21041026,24,WIS,+WIS+
,37952793,24,WIS," +WIS+ PROFESSIONAL"
,37964700,24,WIS,WISWEN
,47439516A,24,WIS,WIS 实验室
,47443573A,24,WIS," +WIS+ 实验室"
,37678406,24,KONO,KONO
,79233598,24,KONO,卡厘
,74222408,24,赫系,赫系
,37687831,24,IRY,IRY
,40615796,24,IRY,＋IRY UNIQUE FORMULA
,40615796,24,IRY," +IRY UNIQUE FORMULA"
,82397351,24,可麦,可麦
,40655075,24,魔渍,魔渍 MOLSOILED
,75481844,24,森益,森益
,21041422,28,WIS,+WIS+
,37703993,28,KONO,KONO
,79923496,28,KONO,卡厘
,37703984,28,IRY,IRY
,40597235,28,IRY,＋IRY UNIQUE FORMULA
,40597235,28,IRY," +IRY UNIQUE FORMULA"
,82408622,28,可麦,可麦
,72410276,28,墨雪,墨雪
,40656731,28,魔渍,魔渍 MOLSOILED
,21040634,18,WIS,+WIS+
,79828177,18,KONO,卡厘
,37693864,18,IRY,IRY
,40596830,18,IRY," +IRY UNIQUE FORMULA"
,40611681,18,IRY,＋IRY UNIQUE FORMULA
,82402589,18,可麦,可麦
,40675697,18,魔渍,魔渍 MOLSOILED
,21041946,41,WIS,+WIS+
,37805742,41,KONO,KONO
,51521040,41,KONO,K KONO
,51572446,41,KONO,KONO
,80438976,41,KONO,卡厘
,37825840,41,IRY,IRY
,40604975,41,IRY,＋IRY UNIQUE FORMULA
,40604975,41,IRY," +IRY UNIQUE FORMULA"
,82393571,41,可麦,可麦
,40659415,41,魔渍,魔渍 MOLSOILED
,21041521,30,WIS,+WIS+
,79936465,30,KONO,卡厘
,37794053,30,IRY,IRY
,40595848,30,IRY,＋IRY UNIQUE FORMULA
,40595848,30,IRY," +IRY UNIQUE FORMULA"
,40656739,30,魔渍,魔渍 MOLSOILED
,21041295,26,WIS,+WIS+
,51590381,26,KONO,KONO
,79878261,26,KONO,卡厘
,37695464,26,IRY,IRY
,40600116,26,IRY," +IRY UNIQUE FORMULA"
,40600116,26,IRY," +IRY UNIQUE FORMULA"
,82978937,26,可麦,可麦
,40668536,26,魔渍,魔渍 MOLSOILED
,37699864,26,MVE,MVE
,21042101,42,WIS,+WIS+
,80447694,42,KONO,卡厘
,74211142,42,赫系,赫系
,37806981,42,IRY,IRY
,40603249,42,IRY," +IRY UNIQUE FORMULA"
,40603249,42,IRY," +IRY UNIQUE FORMULA"
,82408977,42,可麦,可麦
,40673410,42,魔渍,魔渍 MOLSOILED
,37806977,42,MVE,MVE
,21041848,31,WIS,+WIS+
,79988873,31,KONO,卡厘
,37829050,31,IRY,IRY
,40617858,31,IRY,＋IRY UNIQUE FORMULA
,40617858,31,IRY," +IRY UNIQUE FORMULA"
,82991468,31,可麦,可麦
,40674171,31,魔渍,魔渍 MOLSOILED
,51585808,43,KONO,KONO
,80447727,43,KONO,卡厘
,37825828,43,IRY,IRY
,40599421,43,IRY,＋IRY UNIQUE FORMULA
,40599421,43,IRY," +IRY UNIQUE FORMULA"
,82401735,43,可麦,可麦
,40674223,43,魔渍,魔渍 MOLSOILED
,37810950,43,MVE,MVE
,37807000,45,KONO,KONO
,51494880,45,KONO,K KONO
,80432373,45,KONO,卡厘
,37825808,45,IRY,IRY
,40615026,45,IRY,＋IRY UNIQUE FORMULA
,40615026,45,IRY," +IRY UNIQUE FORMULA"
,82274910,45,可麦,可麦
,40672156,45,魔渍,魔渍 MOLSOILED
,37832368,45,MVE,MVE
,79862628,25,KONO,卡厘
,82407190,25,可麦,可麦
,40678716,25,魔渍,魔渍 MOLSOILED
,37699832,25,MVE,MVE
